resid,resname,vdw,cou,cou (with DH),MM,MM (with DH),PB,SA
1,ALA,-0.0001,-0.0485,-0.0029,-0.0486,-0.003,-0.0008,0.0
2,GLY,-0.0001,0.0003,-0.0001,0.0002,-0.0001,0.0001,0.0
3,CYS,-0.0003,0.0001,-0.0001,-0.0001,-0.0004,0.0002,0.0
4,ALA,-0.0002,0.0003,-0.0,0.0001,-0.0002,0.0002,0.0
5,ALA,-0.0001,0.0005,0.0,0.0004,-0.0001,-0.0,0.0
6,CYS,-0.0003,0.0016,0.0004,0.0014,0.0001,-0.0002,0.0
7,GLY,-0.0002,0.0011,0.0006,0.0009,0.0004,-0.0009,0.0
8,GLY,-0.0003,0.0015,0.0007,0.0012,0.0004,-0.0007,0.0
9,CYS,-0.0006,-0.0016,0.0,-0.0022,-0.0006,-0.0003,0.0
10,ALA,-0.0003,-0.001,-0.0005,-0.0013,-0.0009,0.0004,0.0
11,ALA,-0.0002,0.0005,-0.0,0.0003,-0.0002,0.0002,0.0
12,CYS,-0.0003,-0.0004,0.0001,-0.0007,-0.0002,-0.0005,0.0
13,GLY,-0.0001,0.0001,0.0002,0.0,0.0001,0.0001,0.0
14,GLY,-0.0001,-0.0002,-0.0001,-0.0003,-0.0002,0.0002,0.0
15,CYS,-0.0001,0.0009,0.0001,0.0007,-0.0,0.0001,0.0
16,ALA,-0.0001,0.0004,0.0002,0.0003,0.0001,0.0001,0.0
17,ALA,-0.0001,0.0003,0.0003,0.0001,0.0001,0.0001,0.0
18,CYS,-0.0003,0.0012,0.0003,0.001,0.0001,0.0001,0.0
19,GLY,-0.0001,0.0003,0.0002,0.0002,0.0001,-0.0,0.0
20,THR,-0.0002,0.0018,0.0003,0.0016,0.0001,-0.0,0.0
21,GLY,-0.0002,0.0011,-0.0,0.0009,-0.0002,0.0002,0.0
22,THR,-0.0006,0.002,0.0007,0.0015,0.0001,0.0001,0.0
23,GLY,-0.0004,0.0042,0.0011,0.0038,0.0007,0.0004,0.0
24,CYS,-0.0006,-0.0008,0.0001,-0.0014,-0.0004,0.0,0.0
25,CYS,-0.0019,-0.0047,-0.0023,-0.0067,-0.0042,0.0023,0.0
26,CYS,-0.0016,-0.0013,-0.0013,-0.0029,-0.0029,0.0008,0.0
27,GLY,-0.0004,-0.001,-0.0004,-0.0014,-0.0008,0.0001,0.0
28,CYS,-0.0008,0.0001,0.0006,-0.0007,-0.0002,-0.0006,0.0
29,CYS,-0.0026,0.0014,0.0012,-0.0012,-0.0014,-0.0014,0.0
30,GLY,-0.0012,-0.0016,0.0001,-0.0028,-0.0011,-0.0005,0.0
31,GLY,-0.0011,0.0003,0.0006,-0.0009,-0.0006,-0.0001,0.0
32,GLY,-0.0009,-0.006,-0.0026,-0.0069,-0.0034,0.0008,0.0
33,CYS,-0.0016,-0.0025,-0.0021,-0.0041,-0.0037,-0.0003,0.0
34,CYS,-0.0014,0.0023,0.001,0.0009,-0.0004,-0.0,0.0
35,THR,-0.0007,-0.0018,-0.0011,-0.0025,-0.0018,-0.001,0.0
36,GLY,-0.0006,-0.0029,-0.0018,-0.0036,-0.0025,-0.0005,0.0
37,THR,-0.0019,0.0092,0.0055,0.0074,0.0036,-0.0011,0.0
38,THR,-0.0048,-0.0069,-0.0054,-0.0118,-0.0103,0.0031,0.0
39,THR,-0.0099,-0.0187,-0.0115,-0.0286,-0.0214,0.0028,0.0
40,ALA,-0.0259,-0.0175,-0.0166,-0.0434,-0.0425,0.0054,0.0
41,GLY,-0.009,-0.0122,-0.0103,-0.0212,-0.0193,0.0048,0.0
42,CYS,-0.0072,-0.0048,-0.002,-0.012,-0.0093,0.0024,0.0
43,ALA,-0.03,0.0098,0.0094,-0.0202,-0.0207,0.0091,0.0
44,ALA,-0.1107,0.0089,0.0078,-0.1018,-0.1029,0.0501,-0.0396
45,CYS,-0.0098,-0.004,-0.002,-0.0138,-0.0117,0.0046,0.0
46,CYS,-0.0095,0.0154,0.0133,0.0059,0.0038,-0.0047,0.0
47,CYS,-0.0912,0.0275,0.0238,-0.0637,-0.0674,-0.0028,-0.0138
48,GLY,-0.0053,-0.0122,-0.0091,-0.0175,-0.0144,0.0037,0.0
49,CYS,-0.0038,0.0049,0.0029,0.001,-0.0009,0.0007,0.0
50,ALA,-0.0033,0.003,0.0018,-0.0004,-0.0015,-0.0001,0.0
51,GLY,-0.0016,0.0075,0.0044,0.0059,0.0028,-0.0006,0.0
52,THR,-0.0021,0.006,0.0024,0.0039,0.0003,-0.0002,0.0
53,GLY,-0.0015,0.004,0.0015,0.0025,0.0,0.0009,0.0
54,CYS,-0.0046,0.004,0.0022,-0.0006,-0.0024,0.0006,0.0
55,THR,-0.0083,-0.0004,-0.0026,-0.0087,-0.0109,-0.0003,0.0
56,GLY,-0.0076,-0.0032,-0.0048,-0.0108,-0.0124,0.0041,0.0
57,CYS,-0.0113,0.0159,0.0135,0.0046,0.0022,-0.007,0.0
58,GLY,-0.013,0.0318,0.0238,0.0188,0.0109,-0.0029,0.0
59,CYS,-0.0209,-0.0123,-0.0067,-0.0332,-0.0277,0.0036,0.0
60,GLY,-0.0433,-0.0243,-0.0162,-0.0676,-0.0595,0.0072,0.0
61,ALA,-0.0328,-0.0114,-0.0061,-0.0442,-0.0389,0.0072,0.0
62,CYS,-0.0173,-0.0186,-0.0129,-0.0358,-0.0302,0.0108,0.0
63,CYS,-0.0554,-0.0247,-0.0209,-0.0801,-0.0762,0.0211,0.0
64,CYS,-0.0427,0.0161,0.0145,-0.0265,-0.0282,-0.0175,0.0
65,ALA,-0.0539,0.0377,0.0359,-0.0162,-0.018,-0.0424,0.0
66,GLY,-0.0642,0.0562,0.0354,-0.0079,-0.0288,-0.041,0.0
67,GLY,-0.1834,-0.0514,-0.0436,-0.2348,-0.227,0.2319,-0.0061
68,THR,-1.8994,0.086,0.0449,-1.8133,-1.8545,1.9209,-0.1757
69,GLY,-2.9114,0.0041,-0.0091,-2.9073,-2.9205,3.5587,-0.2451
70,CYS,-3.3805,-0.419,-0.3852,-3.7994,-3.7656,3.2887,-0.2352
71,THR,-3.1927,-0.5297,-0.5054,-3.7224,-3.6982,2.2912,-0.4161
72,GLY,-1.0911,-0.2643,-0.2499,-1.3554,-1.341,1.7979,-0.1254
73,GLY,-1.1255,-0.0201,-0.0445,-1.1456,-1.17,0.8106,-0.0845
74,GLY,-1.3019,-0.56,-0.5581,-1.8619,-1.86,1.3956,-0.1467
75,CYS,-0.9392,-0.5936,-0.5754,-1.5328,-1.5146,0.5368,-0.0068
76,CYS,-7.8092,-1.3267,-1.2807,-9.1359,-9.0898,5.3923,-0.8788
77,THR,-3.1519,-0.3631,-0.3322,-3.515,-3.4841,2.3429,-0.5962
78,GLY,-0.2247,-0.0407,-0.028,-0.2654,-0.2527,0.0446,0.0
79,ALA,-0.4319,-0.054,-0.0611,-0.4859,-0.493,0.5307,-0.0292
80,THR,-0.2495,-0.0249,-0.024,-0.2745,-0.2736,0.2388,-0.0318
81,THR,-1.335,-0.0708,-0.0751,-1.4058,-1.4101,0.8644,-0.1126
82,GLY,-2.4859,-0.4514,-0.439,-2.9374,-2.925,4.4961,-0.3696
83,GLY,-3.3891,-0.0982,-0.128,-3.4872,-3.517,4.9298,-0.5338
84,CYS,-3.8898,-0.105,-0.1105,-3.9948,-4.0002,3.1834,-0.3807
85,CYS,-6.8299,-0.9786,-0.9519,-7.8085,-7.7819,5.4087,-0.9321
86,THR,-1.7271,-0.8876,-0.843,-2.6148,-2.5701,2.1712,-0.1342
87,GLY,-1.0111,-0.9415,-0.8995,-1.9526,-1.9106,3.2048,-0.1131
88,GLY,-0.6309,-0.3202,-0.2765,-0.9511,-0.9074,1.3464,-0.0205
89,ALA,-1.1175,-0.1981,-0.172,-1.3156,-1.2895,0.5815,-0.1209
90,THR,-3.7395,-0.0924,-0.0811,-3.8319,-3.8206,2.4831,-0.4321
91,THR,-0.4683,-0.028,-0.0165,-0.4963,-0.4848,-0.0092,-0.0189
92,GLY,-0.2278,0.0172,0.0131,-0.2106,-0.2147,0.1337,0.0
93,CYS,-3.8313,-0.6988,-0.6671,-4.5301,-4.4984,3.4156,-0.3501
94,ALA,-2.6013,-0.2295,-0.209,-2.8308,-2.8103,0.9049,-0.441
95,ALA,-0.2223,0.0239,0.0223,-0.1984,-0.2,-0.0422,0.0
96,ALA,-0.2779,-0.0255,-0.0253,-0.3034,-0.3032,0.6706,-0.0113
97,GLY,-0.155,-0.1632,-0.1348,-0.3182,-0.2898,0.4952,-0.0002
98,THR,-0.7028,-0.2292,-0.2006,-0.9319,-0.9033,1.1022,-0.0844
99,GLY,-0.1205,-0.0558,-0.0353,-0.1764,-0.1558,0.0189,-0.0111
100,CYS,-0.1376,0.0127,0.0152,-0.1249,-0.1224,-0.0546,0.0
101,CYS,-2.3054,-0.0716,-0.067,-2.377,-2.3724,1.1221,-0.2892
102,GLY,-0.1537,0.0229,0.0122,-0.1309,-0.1415,0.0133,0.0
103,ALA,-0.0355,0.0238,0.0148,-0.0117,-0.0207,-0.0151,0.0
104,GLY,-0.0233,0.048,0.0318,0.0247,0.0084,-0.0502,0.0
105,CYS,-0.1593,-0.0062,-0.0002,-0.1655,-0.1595,0.0026,-0.0045
106,CYS,-0.0232,-0.0198,-0.0154,-0.043,-0.0386,0.0081,0.0
107,ALA,-0.0166,0.0251,0.0155,0.0086,-0.0011,-0.0101,0.0
108,GLY,-0.011,0.009,0.0071,-0.002,-0.0039,-0.0106,0.0
109,ALA,-0.0059,0.0097,0.0052,0.0038,-0.0007,-0.0038,0.0
110,ALA,-0.0032,0.0074,0.0033,0.0042,0.0001,-0.0007,0.0
111,CYS,-0.0055,0.0025,0.0017,-0.003,-0.0038,-0.0031,0.0
112,GLY,-0.0018,-0.0011,-0.0003,-0.0029,-0.0021,-0.0001,0.0
113,THR,-0.0031,-0.0033,-0.0014,-0.0063,-0.0044,0.0001,0.0
114,GLY,-0.0011,-0.0049,-0.0023,-0.006,-0.0034,0.0002,0.0
115,THR,-0.0019,0.0001,0.0005,-0.0018,-0.0014,-0.0001,0.0
116,ALA,-0.0028,-0.0105,-0.0045,-0.0133,-0.0073,0.0026,0.0
117,THR,-0.0019,0.0072,0.0025,0.0053,0.0006,-0.0015,0.0
118,GLY,-0.0012,0.0087,0.0039,0.0075,0.0027,-0.0047,0.0
119,ALA,-0.0012,-0.0014,-0.0005,-0.0026,-0.0017,0.002,0.0
120,THR,-0.0008,-0.0051,-0.0019,-0.0059,-0.0027,0.0009,0.0
121,GLY,-0.0007,-0.0091,-0.0029,-0.0097,-0.0036,0.0012,0.0
122,GLY,-0.0013,-0.0087,-0.0031,-0.0101,-0.0045,0.003,0.0
123,CYS,-0.0071,-0.0183,-0.0085,-0.0255,-0.0157,0.0058,0.0
124,ALA,-0.0023,-0.013,-0.006,-0.0153,-0.0083,0.004,0.0
125,CYS,-0.0021,-0.0032,-0.0011,-0.0053,-0.0033,-0.0005,0.0
126,CYS,-0.0058,-0.0015,-0.0032,-0.0073,-0.009,0.0044,0.0
127,GLY,-0.0104,0.0205,0.011,0.0101,0.0006,-0.0208,0.0
128,ALA,-0.0666,-0.0012,-0.0033,-0.0678,-0.0698,0.0021,-0.001
129,THR,-0.3181,-0.0171,-0.0137,-0.3352,-0.3318,0.1437,-0.0562
130,THR,-0.0244,-0.0047,-0.0078,-0.0291,-0.0321,0.014,0.0
131,THR,-0.0148,0.0299,0.0178,0.0151,0.003,-0.0016,0.0
132,THR,-0.0038,-0.011,-0.0048,-0.0148,-0.0086,0.005,0.0
133,CYS,-0.0031,-0.0004,-0.0003,-0.0035,-0.0034,0.0013,0.0
134,GLY,-0.0008,0.0045,0.001,0.0037,0.0002,0.0004,0.0
135,CYS,-0.0008,0.0029,0.0005,0.0021,-0.0003,0.0002,0.0
136,ALA,-0.0004,0.0075,0.0019,0.0071,0.0015,-0.0003,0.0
137,ALA,-0.0005,0.0076,0.0021,0.0071,0.0016,-0.0009,0.0
138,CYS,-0.0006,0.0,0.0002,-0.0006,-0.0004,-0.0001,0.0
139,GLY,-0.0002,-0.0046,-0.0008,-0.0048,-0.001,0.0005,0.0
140,THR,-0.0002,-0.0001,-0.0001,-0.0003,-0.0004,0.0001,0.0
141,GLY,-0.0002,0.0009,-0.0,0.0007,-0.0003,0.0002,0.0
142,THR,-0.001,-0.0066,-0.002,-0.0076,-0.003,0.0005,0.0
143,GLY,-0.0007,0.002,0.001,0.0013,0.0002,-0.0017,0.0
144,CYS,-0.0011,0.0067,0.0024,0.0055,0.0013,-0.002,0.0
145,GLY,-0.001,-0.0094,-0.0033,-0.0103,-0.0043,0.0037,0.0
146,CYS,-0.0015,0.0055,0.0018,0.004,0.0003,-0.0017,0.0
147,GLY,-0.0014,0.0066,0.0035,0.0053,0.0021,-0.0011,0.0
148,ALA,-0.0013,0.0027,0.001,0.0014,-0.0003,0.0,0.0
149,ALA,-0.0018,0.0001,0.0011,-0.0017,-0.0006,0.0003,0.0
150,ALA,-0.001,-0.0052,-0.0009,-0.0061,-0.0018,0.0003,0.0
151,ALA,-0.0016,0.0001,0.0014,-0.0015,-0.0002,-0.0001,0.0
152,CYS,-0.0027,-0.0056,-0.0011,-0.0082,-0.0037,-0.0004,0.0
153,CYS,-0.0008,0.0002,0.0003,-0.0007,-0.0005,0.0002,0.0
154,GLY,-0.0004,0.0013,0.0009,0.0009,0.0004,-0.0004,0.0
155,GLY,-0.0006,-0.0011,0.0002,-0.0017,-0.0004,-0.0007,0.0
156,CYS,-0.0007,0.0027,0.0011,0.0019,0.0004,-0.001,0.0
157,GLY,-0.0003,-0.0078,-0.0022,-0.0082,-0.0025,0.0001,0.0
158,CYS,-0.0004,-0.0024,-0.0005,-0.0027,-0.0009,0.0,0.0
159,GLY,-0.0002,0.0037,0.0012,0.0034,0.001,-0.0005,0.0
160,CYS,-0.0003,-0.0009,-0.0004,-0.0012,-0.0007,0.0002,0.0
161,ALA,-0.0002,-0.0,-0.0002,-0.0002,-0.0004,0.0001,0.0
162,GLY,-0.0001,0.0017,0.0001,0.0015,-0.0,0.0,0.0
163,CYS,-0.0003,0.0027,0.0003,0.0024,-0.0,0.0001,0.0
164,CYS,-0.0006,0.0039,0.0008,0.0033,0.0002,-0.0002,0.0
165,GLY,-0.0004,0.0053,0.0011,0.0049,0.0008,-0.0003,0.0
166,CYS,-0.0004,-0.0012,-0.0002,-0.0016,-0.0006,0.0002,0.0
167,THR,-0.0005,-0.0022,-0.0009,-0.0027,-0.0014,-0.0001,0.0
168,GLY,-0.0005,-0.0074,-0.0014,-0.0079,-0.0018,0.0002,0.0
169,THR,-0.0009,0.0046,0.0013,0.0036,0.0004,-0.0002,0.0
170,GLY,-0.0003,0.0026,0.0007,0.0023,0.0004,-0.0001,0.0
171,CYS,-0.0004,-0.0013,-0.0005,-0.0017,-0.0009,-0.0,0.0
172,THR,-0.0002,0.0012,0.0002,0.001,0.0001,0.0,0.0
173,GLY,-0.0001,0.0004,0.0002,0.0003,0.0001,0.0,0.0
174,CYS,-0.0002,-0.0005,0.0001,-0.0007,-0.0002,0.0,0.0
175,GLY,-0.0001,0.0009,0.0002,0.0008,0.0001,0.0001,0.0
176,THR,-0.0001,0.0035,0.0005,0.0034,0.0003,0.0,0.0
177,GLY,-0.0,0.0012,0.0,0.0012,-0.0,-0.0,0.0
178,GLY,-0.0001,-0.0004,-0.0001,-0.0004,-0.0002,0.0,0.0
179,CYS,-0.0001,0.0018,0.0004,0.0017,0.0002,-0.0001,0.0
180,GLY,-0.0001,0.0041,0.0003,0.004,0.0002,-0.0,0.0
181,CYS,-0.0001,-0.0008,0.0001,-0.0009,-0.0,-0.0,0.0
182,CYS,-0.0001,0.0014,0.0002,0.0013,0.0001,0.0,0.0
183,GLY,-0.0,-0.001,-0.0,-0.001,-0.0,0.0,0.0
184,GLY,-0.0,-0.0005,-0.0001,-0.0005,-0.0001,0.0,0.0
185,THR,-0.0,0.004,0.0001,0.0039,0.0001,0.0,0.0
186,GLY,-0.0,0.0011,-0.0,0.0011,-0.0,0.0,0.0
187,GLY,-0.0,0.0006,0.0,0.0006,0.0,0.0,0.0
188,CYS,-0.0001,0.0007,0.0001,0.0006,0.0,0.0,0.0
189,GLY,-0.0001,0.0021,0.0001,0.002,0.0,-0.0,0.0
190,GLY,-0.0001,-0.0009,-0.0001,-0.001,-0.0001,-0.0,0.0
191,GLY,-0.0001,0.0001,-0.0,0.0001,-0.0001,-0.0,0.0
192,CYS,-0.0001,-0.0057,-0.0002,-0.0058,-0.0003,0.0,0.0
193,CYS,-0.0001,-0.0053,0.0,-0.0053,-0.0001,-0.0,0.0
194,ALA,-0.0001,0.0009,0.0002,0.0008,0.0002,-0.0,0.0
195,GLY,-0.0,-0.0026,-0.0004,-0.0026,-0.0004,0.0,0.0
196,GLY,-0.0,-0.0034,-0.0003,-0.0034,-0.0003,0.0,0.0
197,CYS,-0.0001,0.0009,0.0001,0.0008,0.0,0.0,0.0
198,GLY,-0.0,-0.0013,-0.0001,-0.0013,-0.0001,0.0,0.0
199,CYS,-0.0,0.0002,0.0,0.0002,0.0,0.0,0.0
200,THR,-0.0,0.0017,0.0,0.0017,0.0,-0.0,0.0
201,GLY,0.0,0.0015,0.0001,0.0015,0.0001,-0.0,0.0
202,CYS,-0.0,0.002,-0.0,0.002,-0.0001,-0.0,0.0
203,THR,-0.0,-0.0025,0.0,-0.0025,0.0,0.0,0.0
204,GLY,0.0,0.0024,-0.0,0.0024,-0.0,-0.0,0.0
205,THR,0.0,0.0015,0.0,0.0015,-0.0,0.0,0.0
206,GLY,-0.0,-0.0004,-0.0,-0.0004,-0.0,-0.0,0.0
207,CYS,-0.0,0.0002,-0.0,0.0002,-0.0001,-0.0,0.0
208,CYS,0.0,-0.0011,-0.0,-0.0012,-0.0,0.0,0.0
209,ALA,0.0,-0.0001,0.0,-0.0001,0.0,-0.0,0.0
210,GLY,0.0,-0.0024,-0.0,-0.0024,-0.0001,0.0,0.0
211,ALA,0.0,-0.0039,-0.0001,-0.0039,-0.0001,0.0,0.0
212,CYS,0.0,0.0011,0.0,0.0011,0.0,0.0001,0.0
213,CYS,0.0,0.0001,0.0,0.0001,-0.0,-0.0,0.0
214,GLY,0.0,0.0032,0.0001,0.0031,0.0001,0.0,0.0
215,CYS,-0.0,-0.0025,-0.0001,-0.0026,-0.0001,0.0,0.0
216,GLY,0.0,0.0009,-0.0,0.0009,-0.0,0.0,0.0
217,GLY,0.0,-0.0022,-0.0,-0.0022,-0.0,-0.0,0.0
218,THR,0.0,-0.0017,-0.0,-0.0017,-0.0,0.0,0.0
219,GLY,0.0,-0.0001,0.0,-0.0001,0.0,0.0,0.0
220,GLY,0.0,0.0,0.0,0.0,0.0,0.0,0.0
221,GLY,0.0,0.0,0.0,0.0,0.0,0.0,0.0
222,CYS,0.0,0.001,0.0,0.001,0.0,-0.0,0.0
223,GLY,0.0,-0.0016,-0.0,-0.0016,-0.0,-0.0,0.0
224,CYS,0.0,-0.0026,-0.0002,-0.0026,-0.0002,0.0003,0.0
225,PET,-66.7646,-9.6225,-9.2108,-76.3871,-75.9753,39.7028,-10.2733
